[{"packageName":"com.example.mmittek.myapplication","superClass":null,"className":"ApplicationTest","associations":[],"usages":[],"interfaces":[],"type":"CLASS"},{"packageName":"com.example.mmittek.myapplication","superClass":null,"className":"ActionTags","associations":["com.example.mmittek.myapplication.ActionTags"],"usages":["com.example.mmittek.myapplication.ActionTags"],"interfaces":[],"type":"ENUM"},{"packageName":"android.support.design","superClass":null,"className":"R","associations":[],"usages":[],"interfaces":[],"type":"CLASS"},{"packageName":"com.example.mmittek.myapplication","superClass":null,"className":"BodyPartSelectionFragment","associations":[],"usages":[],"interfaces":[],"type":"CLASS"},{"packageName":"com.example.mmittek.myapplication","superClass":null,"className":"BuildConfig","associations":[],"usages":[],"interfaces":[],"type":"CLASS"},{"packageName":"com.android.tools.fd.dummy","superClass":null,"className":"slice_1","associations":[],"usages":[],"interfaces":[],"type":"CLASS"},{"packageName":"com.etiennelawlor.discreteslider.library","superClass":null,"className":"R","associations":[],"usages":[],"interfaces":[],"type":"CLASS"},{"packageName":"android.support.v7.appcompat","superClass":null,"className":"R","associations":[],"usages":[],"interfaces":[],"type":"CLASS"},{"packageName":"android.support.v7.recyclerview","superClass":null,"className":"R","associations":[],"usages":[],"interfaces":[],"type":"CLASS"},{"packageName":"com.example.mmittek.myapplication","superClass":null,"className":"BodyPlacementSettingsFactory","associations":[],"usages":[],"interfaces":[],"type":"CLASS"},{"packageName":"com.android.tools.fd.dummy","superClass":null,"className":"slice_0","associations":[],"usages":[],"interfaces":[],"type":"CLASS"},{"packageName":"com.android.tools.fd.dummy","superClass":null,"className":"slice_2","associations":[],"usages":[],"interfaces":[],"type":"CLASS"},{"packageName":"com.example.mmittek.myapplication.test","superClass":null,"className":"BuildConfig","associations":[],"usages":[],"interfaces":[],"type":"CLASS"},{"packageName":"com.example.mmittek.myapplication","superClass":null,"className":"CsvFormatter","associations":[],"usages":[],"interfaces":[],"type":"CLASS"},{"packageName":"com.example.mmittek.myapplication","superClass":"com.example.mmittek.myapplication.DataBase","className":"Data1D","associations":[],"usages":[],"interfaces":[],"type":"CLASS"},{"packageName":"com.example.mmittek.myapplication","superClass":null,"className":"DataParamViewModel","associations":["com.example.mmittek.myapplication.DataBase"],"usages":[],"interfaces":[],"type":"CLASS"},{"packageName":"com.example.mmittek.myapplication","superClass":null,"className":"DataFactory","associations":["com.example.mmittek.myapplication.DataBase"],"usages":[],"interfaces":[],"type":"CLASS"},{"packageName":"com.example.mmittek.myapplication","superClass":"com.example.mmittek.myapplication.Data1D","className":"Data2D","associations":[],"usages":["com.example.mmittek.myapplication.KatTracker"],"interfaces":[],"type":"CLASS"},{"packageName":"com.android.tools.fd.dummy","superClass":null,"className":"slice_3","associations":[],"usages":[],"interfaces":[],"type":"CLASS"},{"packageName":"com.android.tools.fd.dummy","superClass":null,"className":"slice_4","associations":[],"usages":[],"interfaces":[],"type":"CLASS"},{"packageName":"com.android.tools.fd.dummy","superClass":null,"className":"slice_5","associations":[],"usages":[],"interfaces":[],"type":"CLASS"},{"packageName":"com.example.mmittek.myapplication","superClass":null,"className":"DataBase","associations":["com.example.mmittek.myapplication.DataBase"],"usages":["com.example.mmittek.myapplication.DataParamViewModel","com.example.mmittek.myapplication.DataBase","com.example.mmittek.myapplication.MainActivity","com.example.mmittek.myapplication.KatData","com.example.mmittek.myapplication.DataFactory","com.example.mmittek.myapplication.KatTracker"],"interfaces":[],"type":"CLASS"},{"packageName":"com.example.mmittek.myapplication","superClass":"com.example.mmittek.myapplication.Data2D","className":"Data3D","associations":[],"usages":["com.example.mmittek.myapplication.KatSimulatedData","com.example.mmittek.myapplication.KatTracker"],"interfaces":[],"type":"CLASS"},{"packageName":"com.example.mmittek.myapplication","superClass":null,"className":"FeedbackStrength","associations":[],"usages":[],"interfaces":[],"type":"CLASS"},{"packageName":"com.example.mmittek.myapplication","superClass":null,"className":"ConnectDisconnectTag","associations":[],"usages":["com.example.mmittek.myapplication.MainActivity","com.example.mmittek.myapplication.MyAdapter"],"interfaces":[],"type":"CLASS"},{"packageName":"com.example.mmittek.myapplication","superClass":null,"className":"FeedbackBlinker","associations":[],"usages":[],"interfaces":[],"type":"CLASS"},{"packageName":"com.example.mmittek.myapplication","superClass":null,"className":"DataHub","associations":["com.example.mmittek.myapplication.DataHubConsumer","com.example.mmittek.myapplication.DataHub"],"usages":["com.example.mmittek.myapplication.DataHub"],"interfaces":[],"type":"CLASS"},{"packageName":"com.example.mmittek.myapplication","superClass":null,"className":"KatData","associations":["com.example.mmittek.myapplication.DataBase","com.example.mmittek.myapplication.KatMessageType"],"usages":[],"interfaces":[],"type":"CLASS"},{"packageName":"com.example.mmittek.myapplication","superClass":null,"className":"DevicesFragment","associations":["com.example.mmittek.myapplication.MyAdapter","com.example.mmittek.myapplication.MyBluetoothDeviceInfo"],"usages":["com.example.mmittek.myapplication.MainActivity"],"interfaces":[],"type":"CLASS"},{"packageName":"com.example.mmittek.myapplication","superClass":null,"className":"FeedbackMode","associations":["com.example.mmittek.myapplication.FeedbackMode"],"usages":["com.example.mmittek.myapplication.ParamViewBase","com.example.mmittek.myapplication.FeedbackMode","com.example.mmittek.myapplication.KatTracker"],"interfaces":[],"type":"ENUM"},{"packageName":"com.android.tools.fd.dummy","superClass":null,"className":"slice_6","associations":[],"usages":[],"interfaces":[],"type":"CLASS"},{"packageName":"com.example.mmittek.myapplication","superClass":"com.example.mmittek.myapplication.ParamViewBase","className":"DistPlot","associations":["com.example.mmittek.myapplication.ParameterStats","com.example.mmittek.myapplication.KatStaticPosition"],"usages":["com.example.mmittek.myapplication.CustomTrainingFragment"],"interfaces":[],"type":"CLASS"},{"packageName":"com.example.mmittek.myapplication","superClass":null,"className":"KatDeviceController","associations":[],"usages":["com.example.mmittek.myapplication.FeedbackGenerator"],"interfaces":[],"type":"INTERFACE"},{"packageName":"com.android.tools.fd.dummy","superClass":null,"className":"slice_7","associations":[],"usages":[],"interfaces":[],"type":"CLASS"},{"packageName":"com.example.mmittek.myapplication","superClass":null,"className":"KatTracker","associations":["com.example.mmittek.myapplication.DataBase","com.example.mmittek.myapplication.ParameterStats","com.example.mmittek.myapplication.Data3D","com.example.mmittek.myapplication.Data2D","com.example.mmittek.myapplication.PositionResponse","com.example.mmittek.myapplication.FeedbackMode","com.example.mmittek.myapplication.KatStaticPosition","com.example.mmittek.myapplication.KatMessageType"],"usages":["com.example.mmittek.myapplication.MainActivity"],"interfaces":[],"type":"CLASS"},{"packageName":"com.example.mmittek.myapplication","superClass":"com.example.mmittek.myapplication.KatData","className":"KatSimulatedData","associations":["com.example.mmittek.myapplication.Data3D"],"usages":["com.example.mmittek.myapplication.MainActivity"],"interfaces":[],"type":"CLASS"},{"packageName":"com.example.mmittek.myapplication","superClass":"com.example.mmittek.myapplication.ParamViewBase","className":"AnglePlot","associations":["com.example.mmittek.myapplication.ParameterStats","com.example.mmittek.myapplication.KatStaticPosition"],"usages":["com.example.mmittek.myapplication.CustomTrainingFragment"],"interfaces":[],"type":"CLASS"},{"packageName":"com.android.tools.fd.dummy","superClass":null,"className":"slice_8","associations":[],"usages":[],"interfaces":[],"type":"CLASS"},{"packageName":"com.example.mmittek.myapplication","superClass":null,"className":"ExampleUnitTest","associations":[],"usages":[],"interfaces":[],"type":"CLASS"},{"packageName":"com.example.mmittek.myapplication","superClass":null,"className":"ParameterStats","associations":["com.example.mmittek.myapplication.ParameterStats"],"usages":["com.example.mmittek.myapplication.ParameterStats","com.example.mmittek.myapplication.AccBarPlot","com.example.mmittek.myapplication.DistPlot","com.example.mmittek.myapplication.FeedbackGenerator","com.example.mmittek.myapplication.KatTracker","com.example.mmittek.myapplication.KatStaticPosition","com.example.mmittek.myapplication.AnglePlot"],"interfaces":[],"type":"CLASS"},{"packageName":"com.example.mmittek.myapplication","superClass":null,"className":"FeedbackGenerator","associations":["com.example.mmittek.myapplication.KatDeviceController","com.example.mmittek.myapplication.ParameterStats","com.example.mmittek.myapplication.PositionResponse","com.example.mmittek.myapplication.FeedbackGenerator","com.example.mmittek.myapplication.KatStaticPosition"],"usages":["com.example.mmittek.myapplication.FeedbackGenerator"],"interfaces":["com.example.mmittek.myapplication.DataHubConsumer"],"type":"CLASS"},{"packageName":"com.example.mmittek.myapplication","superClass":null,"className":"DrawerItemCustomAdapter","associations":["com.example.mmittek.myapplication.ObjectDrawerItem"],"usages":["com.example.mmittek.myapplication.MainActivity"],"interfaces":[],"type":"CLASS"},{"packageName":"com.example.mmittek.myapplication","superClass":null,"className":"MainActivity","associations":["com.example.mmittek.myapplication.CustomTrainingFragment","com.example.mmittek.myapplication.KatStaticPositionsAdapter","com.example.mmittek.myapplication.DrawerItemCustomAdapter","com.example.mmittek.myapplication.KatDataBuffer","com.example.mmittek.myapplication.KatSimulatedData","com.example.mmittek.myapplication.KatTracker","com.example.mmittek.myapplication.DataBase","com.example.mmittek.myapplication.MainActivity","com.example.mmittek.myapplication.MyAdapter","com.example.mmittek.myapplication.KatStaticPosition","com.example.mmittek.myapplication.MyBluetoothDeviceInfo","com.example.mmittek.myapplication.ConnectDisconnectTag","com.example.mmittek.myapplication.DevicesFragment"],"usages":["com.example.mmittek.myapplication.MainActivity"],"interfaces":["com.example.mmittek.myapplication.KatDeviceController"],"type":"CLASS"},{"packageName":"com.example.mmittek.myapplication","superClass":null,"className":"MyAdapter","associations":["com.example.mmittek.myapplication.MyBluetoothDeviceInfo","com.example.mmittek.myapplication.ConnectDisconnectTag"],"usages":["com.example.mmittek.myapplication.MainActivity","com.example.mmittek.myapplication.DevicesFragment"],"interfaces":[],"type":"CLASS"},{"packageName":"com.example.mmittek.myapplication","superClass":"com.example.mmittek.myapplication.ParamViewBase","className":"AccBarPlot","associations":["com.example.mmittek.myapplication.ParameterStats","com.example.mmittek.myapplication.KatStaticPosition"],"usages":["com.example.mmittek.myapplication.CustomTrainingFragment"],"interfaces":[],"type":"CLASS"},{"packageName":"com.example.mmittek.myapplication","superClass":null,"className":"ParamViewBase","associations":["com.example.mmittek.myapplication.FeedbackMode","com.example.mmittek.myapplication.KatStaticPosition"],"usages":["com.example.mmittek.myapplication.CustomTrainingFragment"],"interfaces":["com.example.mmittek.myapplication.DataHubConsumer"],"type":"CLASS"},{"packageName":"com.example.mmittek.myapplication","superClass":null,"className":"ObjectDrawerItem","associations":[],"usages":["com.example.mmittek.myapplication.DrawerItemCustomAdapter"],"interfaces":[],"type":"CLASS"},{"packageName":"com.example.mmittek.myapplication","superClass":null,"className":"KatMessageType","associations":["com.example.mmittek.myapplication.KatMessageType"],"usages":["com.example.mmittek.myapplication.KatData","com.example.mmittek.myapplication.KatTracker","com.example.mmittek.myapplication.KatMessageType"],"interfaces":[],"type":"ENUM"},{"packageName":"com.example.mmittek.myapplication","superClass":null,"className":"MyBluetoothDeviceInfo","associations":[],"usages":["com.example.mmittek.myapplication.MainActivity","com.example.mmittek.myapplication.MyAdapter","com.example.mmittek.myapplication.DevicesFragment"],"interfaces":[],"type":"CLASS"},{"packageName":"com.example.mmittek.myapplication","superClass":null,"className":"KatStaticPosition","associations":["com.example.mmittek.myapplication.ParameterStats","com.example.mmittek.myapplication.KatStaticPosition"],"usages":["com.example.mmittek.myapplication.MainActivity","com.example.mmittek.myapplication.KatStaticPositionsAdapter","com.example.mmittek.myapplication.ParamViewBase","com.example.mmittek.myapplication.AccBarPlot","com.example.mmittek.myapplication.DistPlot","com.example.mmittek.myapplication.KatStaticPositionView","com.example.mmittek.myapplication.FeedbackGenerator","com.example.mmittek.myapplication.KatTracker","com.example.mmittek.myapplication.KatStaticPosition","com.example.mmittek.myapplication.AnglePlot"],"interfaces":["com.example.mmittek.myapplication.DataHubConsumer"],"type":"CLASS"},{"packageName":"com.example.mmittek.myapplication","superClass":null,"className":"DataHubConsumer","associations":[],"usages":["com.example.mmittek.myapplication.DataHub"],"interfaces":[],"type":"INTERFACE"},{"packageName":"com.example.mmittek.myapplication","superClass":null,"className":"PositionResponse","associations":[],"usages":["com.example.mmittek.myapplication.FeedbackGenerator","com.example.mmittek.myapplication.KatTracker"],"interfaces":[],"type":"CLASS"},{"packageName":"com.android.tools.fd.dummy","superClass":null,"className":"slice_9","associations":[],"usages":[],"interfaces":[],"type":"CLASS"},{"packageName":"com.example.mmittek.myapplication","superClass":null,"className":"CustomTrainingFragment","associations":["com.example.mmittek.myapplication.ScaleControlBar","com.example.mmittek.myapplication.ParamViewBase","com.example.mmittek.myapplication.AccBarPlot","com.example.mmittek.myapplication.DistPlot","com.example.mmittek.myapplication.TriStateToggleButton","com.example.mmittek.myapplication.AnglePlot"],"usages":["com.example.mmittek.myapplication.MainActivity"],"interfaces":[],"type":"CLASS"},{"packageName":"com.example.mmittek.myapplication","superClass":null,"className":"RawDataParamTextView","associations":[],"usages":[],"interfaces":["com.example.mmittek.myapplication.DataHubConsumer"],"type":"CLASS"},{"packageName":"com.example.mmittek.myapplication","superClass":null,"className":"KatDataParam","associations":[],"usages":["com.example.mmittek.myapplication.KatDataBuffer"],"interfaces":[],"type":"CLASS"},{"packageName":"com.example.mmittek.myapplication","superClass":null,"className":"KatStaticPositionsAdapter","associations":["com.example.mmittek.myapplication.KatStaticPosition"],"usages":["com.example.mmittek.myapplication.MainActivity"],"interfaces":[],"type":"CLASS"},{"packageName":"com.example.mmittek.myapplication","superClass":null,"className":"KatStaticPositionView","associations":["com.example.mmittek.myapplication.KatStaticPosition"],"usages":[],"interfaces":["com.example.mmittek.myapplication.DataHubConsumer"],"type":"CLASS"},{"packageName":"com.example.mmittek.myapplication","superClass":null,"className":"KatDataBuffer","associations":["com.example.mmittek.myapplication.KatDataBuffer","com.example.mmittek.myapplication.KatDataParam"],"usages":["com.example.mmittek.myapplication.MainActivity","com.example.mmittek.myapplication.KatDataBuffer","com.example.mmittek.myapplication.RawDataFragment"],"interfaces":[],"type":"CLASS"},{"packageName":"com.example.mmittek.myapplication","superClass":"com.example.mmittek.myapplication.Storage","className":"FileStorageModel","associations":[],"usages":["com.example.mmittek.myapplication.Storage","com.example.mmittek.myapplication.RawDataFragment"],"interfaces":[],"type":"CLASS"},{"packageName":"com.example.mmittek.myapplication","superClass":null,"className":"TriStateToggleButton","associations":[],"usages":["com.example.mmittek.myapplication.CustomTrainingFragment"],"interfaces":[],"type":"CLASS"},{"packageName":"com.example.mmittek.myapplication","superClass":null,"className":"RawDataFragment","associations":["com.example.mmittek.myapplication.KatDataBuffer","com.example.mmittek.myapplication.FileStorageModel"],"usages":[],"interfaces":[],"type":"CLASS"},{"packageName":"com.example.mmittek.myapplication","superClass":null,"className":"ScaleControlBar","associations":[],"usages":["com.example.mmittek.myapplication.CustomTrainingFragment"],"interfaces":[],"type":"CLASS"},{"packageName":"com.example.mmittek.myapplication","superClass":null,"className":"ParamModel","associations":[],"usages":[],"interfaces":[],"type":"CLASS"},{"packageName":"com.example.mmittek.myapplication","superClass":null,"className":"Storage","associations":["com.example.mmittek.myapplication.FileStorageModel"],"usages":[],"interfaces":[],"type":"CLASS"},{"packageName":"com.example.mmittek.myapplication","superClass":null,"className":"R","associations":[],"usages":[],"interfaces":[],"type":"CLASS"},{"packageName":"com.example.mmittek.myapplication","superClass":null,"className":"Plot2D","associations":[],"usages":[],"interfaces":[],"type":"CLASS"},{"packageName":"com.example.mmittek.myapplication","superClass":null,"className":"KatUUIDS","associations":[],"usages":[],"interfaces":[],"type":"CLASS"},{"packageName":"com.example.mmittek.myapplication","superClass":null,"className":"RecordsFragment","associations":["com.example.mmittek.myapplication.StoredFileInfo","com.example.mmittek.myapplication.StoredFilesListViewAdapter"],"usages":[],"interfaces":[],"type":"CLASS"},{"packageName":"com.example.mmittek.myapplication","superClass":null,"className":"StoredFilesListViewAdapter","associations":["com.example.mmittek.myapplication.StoredFileInfo","com.example.mmittek.myapplication.StoredFilesListViewAdapter"],"usages":["com.example.mmittek.myapplication.RecordsFragment","com.example.mmittek.myapplication.StoredFilesListViewAdapter"],"interfaces":[],"type":"CLASS"},{"packageName":"com.example.mmittek.myapplication","superClass":null,"className":"StoredFileInfo","associations":[],"usages":["com.example.mmittek.myapplication.RecordsFragment","com.example.mmittek.myapplication.StoredFilesListViewAdapter"],"interfaces":[],"type":"CLASS"},{"packageName":"com.example.mmittek.myapplication","superClass":null,"className":"Utils","associations":[],"usages":[],"interfaces":[],"type":"CLASS"},{"packageName":"com.example.mmittek.myapplication","superClass":null,"className":"SensorBodyPlacementSelectorView","associations":[],"usages":[],"interfaces":[],"type":"CLASS"}]